"ID","PW","NAME","GENDER","EMAIL","MOBILE","PHONE","ZIP","ROAD_ADDRESS","JIBUN_ADDRESS","DETAIL_ADDRESS","BIRTHDAY","JOINDATE"
"mbc_1053","#Abcd1234","송민빈","f","mbc_53@abcd.com","010-1234-1053","02-860-1234","08288","서울특별시 구로구 새말로 93 (구로동, 신도림태영타운)","서울특별시 구로구 구로동 1267 신도림태영타운","101동 1102호",2020-05-06,2015-09-15
"mbc_1054","#Abcd1234","오선훈","f","mbc_54@abcd.com","010-1234-1054","02-860-1234","08770","서울특별시 관악구 남부순환로 1430 (신림동, 신림푸르지오아파트)","서울특별시 관악구 신림동 1730 신림푸르지오아파트","114동 2301호",1938-02-22,2018-04-11
"mbc_1055","#Abcd1234","구남석","m","mbc_55@abcd.com","010-1234-1055","02-860-1234","08750","서울특별시 관악구 봉천로 387 (봉천동, 두산아파트)","서울특별시 관악구 봉천동 1708 두산아파트","110동 1213호",1928-04-28,2015-09-11
"mbc_1056","#Abcd1234","독고상연","f","mbc_56@abcd.com","010-1234-1056","02-860-1234","08208","서울특별시 구로구 경인로65길 16-15 (신도림동, 신도림4차 e-편한세상)","서울특별시 구로구 신도림동 646 신도림4차 e-편한세상","1113동 1602호",1923-05-08,2016-08-27
"mbc_1057","#Abcd1234","우운순","m","mbc_57@abcd.com","010-1234-1057","02-860-1234","08750","서울특별시 관악구 봉천로 387 (봉천동, 두산아파트)","서울특별시 관악구 봉천동 1708 두산아파트","110동 1303호",2015-04-29,2019-02-23
"mbc_1058","#Abcd1234","유정영","f","mbc_58@abcd.com","010-1234-1058","02-860-1234","08750","서울특별시 관악구 봉천로 387 (봉천동, 두산아파트)","서울특별시 관악구 봉천동 1708 두산아파트","106동 1107호",2000-10-01,2016-10-18
"mbc_1059","#Abcd1234","도만인","f","mbc_59@abcd.com","010-1234-1059","02-860-1234","08291","서울특별시 구로구 새말로9길 45 (구로동, 신도림현대아파트)","서울특별시 구로구 구로동 560 신도림현대아파트","102동 1418호",1906-09-08,2013-09-26
"mbc_1060","#Abcd1234","장나석","f","mbc_60@abcd.com","010-1234-1060","02-860-1234","08770","서울특별시 관악구 남부순환로 1430 (신림동, 신림푸르지오아파트)","서울특별시 관악구 신림동 1730 신림푸르지오아파트","116동 1813호",1986-10-12,2017-02-14
"mbc_1061","#Abcd1234","권만연","m","mbc_61@abcd.com","010-1234-1061","02-860-1234","08770","서울특별시 관악구 남부순환로 1430 (신림동, 신림푸르지오아파트)","서울특별시 관악구 신림동 1730 신림푸르지오아파트","104동 1107호",1911-10-25,2016-09-28
"mbc_1062","#Abcd1234","유승훈","f","mbc_62@abcd.com","010-1234-1062","02-860-1234","07376","서울특별시 영등포구 도신로 31 (대림동, 현대3차아파트)","서울특별시 영등포구 대림동 608-1 현대3차아파트","302동 2315호",1902-12-16,2024-02-20
"mbc_1063","#Abcd1234","하영한","f","mbc_63@abcd.com","010-1234-1063","02-860-1234","08208","서울특별시 구로구 경인로65길 16-15 (신도림동, 신도림4차 e-편한세상)","서울특별시 구로구 신도림동 646 신도림4차 e-편한세상","1106동 1206호",1938-06-14,2012-07-28
"mbc_1064","#Abcd1234","윤나수","f","mbc_64@abcd.com","010-1234-1064","02-860-1234","08208","서울특별시 구로구 경인로65길 16-15 (신도림동, 신도림4차 e-편한세상)","서울특별시 구로구 신도림동 646 신도림4차 e-편한세상","1110동 1703호",1914-07-24,2021-05-24
"mbc_1065","#Abcd1234","우강주","m","mbc_65@abcd.com","010-1234-1065","02-860-1234","08208","서울특별시 구로구 경인로65길 16-15 (신도림동, 신도림4차 e-편한세상)","서울특별시 구로구 신도림동 646 신도림4차 e-편한세상","1110동 2017호",1911-12-06,2011-02-10
"mbc_1066","#Abcd1234","문민빈","f","mbc_66@abcd.com","010-1234-1066","02-860-1234","08208","서울특별시 구로구 경인로65길 16-15 (신도림동, 신도림4차 e-편한세상)","서울특별시 구로구 신도림동 646 신도림4차 e-편한세상","1108동 1407호",2014-04-22,2020-05-28
"mbc_1067","#Abcd1234","오성연","f","mbc_67@abcd.com","010-1234-1067","02-860-1234","08750","서울특별시 관악구 봉천로 387 (봉천동, 두산아파트)","서울특별시 관악구 봉천동 1708 두산아파트","111동 1202호",2013-05-10,2014-04-22
"mbc_1068","#Abcd1234","우갑민","f","mbc_68@abcd.com","010-1234-1068","02-860-1234","07376","서울특별시 영등포구 도신로 31 (대림동, 현대3차아파트)","서울특별시 영등포구 대림동 608-1 현대3차아파트","301동 2817호",2003-11-25,2014-10-18
"mbc_1069","#Abcd1234","류정철","m","mbc_69@abcd.com","010-1234-1069","02-860-1234","08288","서울특별시 구로구 새말로 93 (구로동, 신도림태영타운)","서울특별시 구로구 구로동 1267 신도림태영타운","111동 1402호",1908-01-15,2013-09-01
"mbc_1070","#Abcd1234","배강제","m","mbc_70@abcd.com","010-1234-1070","02-860-1234","08750","서울특별시 관악구 봉천로 387 (봉천동, 두산아파트)","서울특별시 관악구 봉천동 1708 두산아파트","103동 1003호",1919-05-10,2010-05-14
"mbc_1071","#Abcd1234","추민석","f","mbc_71@abcd.com","010-1234-1071","02-860-1234","08291","서울특별시 구로구 새말로9길 45 (구로동, 신도림현대아파트)","서울특별시 구로구 구로동 560 신도림현대아파트","102동 1302호",1946-06-01,2010-10-16
"mbc_1072","#Abcd1234","심구한","m","mbc_72@abcd.com","010-1234-1072","02-860-1234","08750","서울특별시 관악구 봉천로 387 (봉천동, 두산아파트)","서울특별시 관악구 봉천동 1708 두산아파트","109동 1308호",1916-02-10,2016-07-16
"mbc_1073","#Abcd1234","양이한","f","mbc_73@abcd.com","010-1234-1073","02-860-1234","08288","서울특별시 구로구 새말로 93 (구로동, 신도림태영타운)","서울특별시 구로구 구로동 1267 신도림태영타운","112동 1208호",1966-09-12,2023-07-09
"mbc_1074","#Abcd1234","양숙한","m","mbc_74@abcd.com","010-1234-1074","02-860-1234","08750","서울특별시 관악구 봉천로 387 (봉천동, 두산아파트)","서울특별시 관악구 봉천동 1708 두산아파트","109동 1105호",1937-11-02,2013-03-31
"mbc_1075","#Abcd1234","손성빈","f","mbc_75@abcd.com","010-1234-1075","02-860-1234","08288","서울특별시 구로구 새말로 93 (구로동, 신도림태영타운)","서울특별시 구로구 구로동 1267 신도림태영타운","110동 1214호",1903-04-05,2019-09-07
"mbc_1076","#Abcd1234","곽상빈","m","mbc_76@abcd.com","010-1234-1076","02-860-1234","08750","서울특별시 관악구 봉천로 387 (봉천동, 두산아파트)","서울특별시 관악구 봉천동 1708 두산아파트","105동 1319호",1991-02-26,2011-03-07
"mbc_1077","#Abcd1234","장상연","f","mbc_77@abcd.com","010-1234-1077","02-860-1234","08750","서울특별시 관악구 봉천로 387 (봉천동, 두산아파트)","서울특별시 관악구 봉천동 1708 두산아파트","108동 1201호",1906-07-17,2017-06-01
"mbc_1078","#Abcd1234","최나준","f","mbc_78@abcd.com","010-1234-1078","02-860-1234","08770","서울특별시 관악구 남부순환로 1430 (신림동, 신림푸르지오아파트)","서울특별시 관악구 신림동 1730 신림푸르지오아파트","110동 1215호",1991-03-06,2017-10-27
"mbc_1027","#Abcd1234","도희빈","f","mbc_27@abcd.com","010-1234-1027","02-860-1234","07376","서울특별시 영등포구 도신로 31 (대림동, 현대3차아파트)","서울특별시 영등포구 대림동 608-1 현대3차아파트","303동 1715호",1950-07-06,2013-06-26
"mbc_1028","#Abcd1234","구영인","m","mbc_28@abcd.com","010-1234-1028","02-860-1234","08288","서울특별시 구로구 새말로 93 (구로동, 신도림태영타운)","서울특별시 구로구 구로동 1267 신도림태영타운","109동 1402호",1993-09-02,2021-09-02
"mbc_1029","#Abcd1234","양정제","f","mbc_29@abcd.com","010-1234-1029","02-860-1234","08770","서울특별시 관악구 남부순환로 1430 (신림동, 신림푸르지오아파트)","서울특별시 관악구 신림동 1730 신림푸르지오아파트","120동 2201호",1964-06-28,2011-08-26
"mbc_1030","#Abcd1234","민선환","m","mbc_30@abcd.com","010-1234-1030","02-860-1234","08845","서울특별시 관악구 신림로29길 8 (신림동, 신림현대아파트)","서울특별시 관악구 신림동 1694 신림현대아파트","104동 1008호",1959-10-21,2015-01-06
"mbc_1031","#Abcd1234","허승재","f","mbc_31@abcd.com","010-1234-1031","02-860-1234","07376","서울특별시 영등포구 도신로 31 (대림동, 현대3차아파트)","서울특별시 영등포구 대림동 608-1 현대3차아파트","307동 1018호",1945-09-13,2017-04-21
"mbc_1032","#Abcd1234","제갈성재","f","mbc_32@abcd.com","010-1234-1032","02-860-1234","08845","서울특별시 관악구 신림로29길 8 (신림동, 신림현대아파트)","서울특별시 관악구 신림동 1694 신림현대아파트","110동 1102호",1977-09-17,2023-05-23
"mbc_1033","#Abcd1234","전순한","f","mbc_33@abcd.com","010-1234-1033","02-860-1234","08288","서울특별시 구로구 새말로 93 (구로동, 신도림태영타운)","서울특별시 구로구 구로동 1267 신도림태영타운","110동 1306호",1994-05-08,2011-12-28
"mbc_1034","#Abcd1234","양원주","m","mbc_34@abcd.com","010-1234-1034","02-860-1234","08845","서울특별시 관악구 신림로29길 8 (신림동, 신림현대아파트)","서울특별시 관악구 신림동 1694 신림현대아파트","109동 1008호",1950-07-16,2020-11-19
"mbc_1035","#Abcd1234","양이철","m","mbc_35@abcd.com","010-1234-1035","02-860-1234","08845","서울특별시 관악구 신림로29길 8 (신림동, 신림현대아파트)","서울특별시 관악구 신림동 1694 신림현대아파트","112동 1118호",1987-10-25,2017-10-25
"mbc_1036","#Abcd1234","강나순","f","mbc_36@abcd.com","010-1234-1036","02-860-1234","08770","서울특별시 관악구 남부순환로 1430 (신림동, 신림푸르지오아파트)","서울특별시 관악구 신림동 1730 신림푸르지오아파트","105동 1617호",1971-05-09,2023-02-25
"mbc_1037","#Abcd1234","최이준","f","mbc_37@abcd.com","010-1234-1037","02-860-1234","08291","서울특별시 구로구 새말로9길 45 (구로동, 신도림현대아파트)","서울특별시 구로구 구로동 560 신도림현대아파트","102동 1605호",1935-12-08,2019-03-04
"mbc_1038","#Abcd1234","송희훈","f","mbc_38@abcd.com","010-1234-1038","02-860-1234","08288","서울특별시 구로구 새말로 93 (구로동, 신도림태영타운)","서울특별시 구로구 구로동 1267 신도림태영타운","104동 1107호",1998-11-07,2022-05-29
"mbc_1039","#Abcd1234","문강섭","f","mbc_39@abcd.com","010-1234-1039","02-860-1234","07376","서울특별시 영등포구 도신로 31 (대림동, 현대3차아파트)","서울특별시 영등포구 대림동 608-1 현대3차아파트","306동 1715호",1978-05-28,2015-03-02
"mbc_1040","#Abcd1234","도나환","m","mbc_40@abcd.com","010-1234-1040","02-860-1234","08208","서울특별시 구로구 경인로65길 16-15 (신도림동, 신도림4차 e-편한세상)","서울특별시 구로구 신도림동 646 신도림4차 e-편한세상","1113동 2005호",1906-08-15,2022-04-24
"mbc_1041","#Abcd1234","한승훈","m","mbc_41@abcd.com","010-1234-1041","02-860-1234","08770","서울특별시 관악구 남부순환로 1430 (신림동, 신림푸르지오아파트)","서울특별시 관악구 신림동 1730 신림푸르지오아파트","105동 1007호",1912-10-23,2013-04-30
"mbc_1042","#Abcd1234","고나준","m","mbc_42@abcd.com","010-1234-1042","02-860-1234","08288","서울특별시 구로구 새말로 93 (구로동, 신도림태영타운)","서울특별시 구로구 구로동 1267 신도림태영타운","110동 1105호",1980-05-09,2019-08-25
"mbc_1043","#Abcd1234","장남훈","f","mbc_43@abcd.com","010-1234-1043","02-860-1234","08750","서울특별시 관악구 봉천로 387 (봉천동, 두산아파트)","서울특별시 관악구 봉천동 1708 두산아파트","112동 1205호",1924-10-20,2013-08-24
"mbc_1044","#Abcd1234","강남연","f","mbc_44@abcd.com","010-1234-1044","02-860-1234","08750","서울특별시 관악구 봉천로 387 (봉천동, 두산아파트)","서울특별시 관악구 봉천동 1708 두산아파트","101동 1316호",1949-01-27,2015-04-17
"mbc_1045","#Abcd1234","구원준","f","mbc_45@abcd.com","010-1234-1045","02-860-1234","08770","서울특별시 관악구 남부순환로 1430 (신림동, 신림푸르지오아파트)","서울특별시 관악구 신림동 1730 신림푸르지오아파트","103동 2116호",1903-02-02,2012-02-10
"mbc_1046","#Abcd1234","곽남환","f","mbc_46@abcd.com","010-1234-1046","02-860-1234","08208","서울특별시 구로구 경인로65길 16-15 (신도림동, 신도림4차 e-편한세상)","서울특별시 구로구 신도림동 646 신도림4차 e-편한세상","1108동 1212호",1941-02-22,2021-06-23
"mbc_1047","#Abcd1234","동방정제","m","mbc_47@abcd.com","010-1234-1047","02-860-1234","07376","서울특별시 영등포구 도신로 31 (대림동, 현대3차아파트)","서울특별시 영등포구 대림동 608-1 현대3차아파트","307동 2212호",1952-03-09,2020-07-13
"mbc_1048","#Abcd1234","구순재","m","mbc_48@abcd.com","010-1234-1048","02-860-1234","08770","서울특별시 관악구 남부순환로 1430 (신림동, 신림푸르지오아파트)","서울특별시 관악구 신림동 1730 신림푸르지오아파트","111동 1518호",1993-11-01,2024-03-07
"mbc_1049","#Abcd1234","우상연","f","mbc_49@abcd.com","010-1234-1049","02-860-1234","08750","서울특별시 관악구 봉천로 387 (봉천동, 두산아파트)","서울특별시 관악구 봉천동 1708 두산아파트","112동 1017호",1910-05-21,2018-07-18
"mbc_1050","#Abcd1234","손승순","m","mbc_50@abcd.com","010-1234-1050","02-860-1234","08770","서울특별시 관악구 남부순환로 1430 (신림동, 신림푸르지오아파트)","서울특별시 관악구 신림동 1730 신림푸르지오아파트","113동 1502호",1952-02-04,2015-09-20
"mbc_1051","#Abcd1234","구희제","f","mbc_51@abcd.com","010-1234-1051","02-860-1234","08288","서울특별시 구로구 새말로 93 (구로동, 신도림태영타운)","서울특별시 구로구 구로동 1267 신도림태영타운","109동 1504호",2022-02-22,2017-04-07
"mbc_1052","#Abcd1234","심나민","m","mbc_52@abcd.com","010-1234-1052","02-860-1234","07376","서울특별시 영등포구 도신로 31 (대림동, 현대3차아파트)","서울특별시 영등포구 대림동 608-1 현대3차아파트","305동 2013호",2012-08-16,2022-05-19
"mbc_1001","#Abcd1234","곽갑준","m","mbc_1@abcd.com","010-1234-1001","02-860-1234","08770","서울특별시 관악구 남부순환로 1430 (신림동, 신림푸르지오아파트)","서울특별시 관악구 신림동 1730 신림푸르지오아파트","120동 1717호",1962-04-08,2016-05-30
"mbc_1002","#Abcd1234","조우철","f","mbc_2@abcd.com","010-1234-1002","02-860-1234","08770","서울특별시 관악구 남부순환로 1430 (신림동, 신림푸르지오아파트)","서울특별시 관악구 신림동 1730 신림푸르지오아파트","113동 1404호",2014-11-24,2014-03-18
"mbc_1003","#Abcd1234","신운영","f","mbc_3@abcd.com","010-1234-1003","02-860-1234","08845","서울특별시 관악구 신림로29길 8 (신림동, 신림현대아파트)","서울특별시 관악구 신림동 1694 신림현대아파트","111동 1518호",1951-07-05,2010-10-23
"mbc_1004","#Abcd1234","고나연","f","mbc_4@abcd.com","010-1234-1004","02-860-1234","08291","서울특별시 구로구 새말로9길 45 (구로동, 신도림현대아파트)","서울특별시 구로구 구로동 560 신도림현대아파트","101동 1817호",1973-11-10,2019-08-29
"mbc_1005","#Abcd1234","곽갑수","f","mbc_5@abcd.com","010-1234-1005","02-860-1234","08208","서울특별시 구로구 경인로65길 16-15 (신도림동, 신도림4차 e-편한세상)","서울특별시 구로구 신도림동 646 신도림4차 e-편한세상","1101동 1508호",2015-03-21,2010-07-04
"mbc_1006","#Abcd1234","강운정","m","mbc_6@abcd.com","010-1234-1006","02-860-1234","07376","서울특별시 영등포구 도신로 31 (대림동, 현대3차아파트)","서울특별시 영등포구 대림동 608-1 현대3차아파트","307동 1017호",1927-04-07,2018-12-27
"mbc_1007","#Abcd1234","허운철","m","mbc_7@abcd.com","010-1234-1007","02-860-1234","08750","서울특별시 관악구 봉천로 387 (봉천동, 두산아파트)","서울특별시 관악구 봉천동 1708 두산아파트","110동 1106호",2013-09-22,2014-02-23
"mbc_1008","#Abcd1234","사공성훈","m","mbc_8@abcd.com","010-1234-1008","02-860-1234","08845","서울특별시 관악구 신림로29길 8 (신림동, 신림현대아파트)","서울특별시 관악구 신림동 1694 신림현대아파트","110동 1413호",1957-12-14,2021-08-08
"mbc_1009","#Abcd1234","차순한","m","mbc_9@abcd.com","010-1234-1009","02-860-1234","08291","서울특별시 구로구 새말로9길 45 (구로동, 신도림현대아파트)","서울특별시 구로구 구로동 560 신도림현대아파트","102동 1806호",1957-06-11,2011-10-11
"mbc_1010","#Abcd1234","유성재","f","mbc_10@abcd.com","010-1234-1010","02-860-1234","08770","서울특별시 관악구 남부순환로 1430 (신림동, 신림푸르지오아파트)","서울특별시 관악구 신림동 1730 신림푸르지오아파트","109동 1202호",1998-09-11,2022-06-02
"mbc_1011","#Abcd1234","선우성인","f","mbc_11@abcd.com","010-1234-1011","02-860-1234","08845","서울특별시 관악구 신림로29길 8 (신림동, 신림현대아파트)","서울특별시 관악구 신림동 1694 신림현대아파트","104동 1204호",1904-02-24,2023-05-07
"mbc_1012","#Abcd1234","류우훈","f","mbc_12@abcd.com","010-1234-1012","02-860-1234","08750","서울특별시 관악구 봉천로 387 (봉천동, 두산아파트)","서울특별시 관악구 봉천동 1708 두산아파트","103동 1214호",1928-11-22,2020-02-25
"mbc_1013","#Abcd1234","홍희준","m","mbc_13@abcd.com","010-1234-1013","02-860-1234","08750","서울특별시 관악구 봉천로 387 (봉천동, 두산아파트)","서울특별시 관악구 봉천동 1708 두산아파트","103동 1017호",1929-09-25,2019-10-07
"mbc_1014","#Abcd1234","전상빈","m","mbc_14@abcd.com","010-1234-1014","02-860-1234","08208","서울특별시 구로구 경인로65길 16-15 (신도림동, 신도림4차 e-편한세상)","서울특별시 구로구 신도림동 646 신도림4차 e-편한세상","1113동 2117호",2016-07-18,2012-08-02
"mbc_1015","#Abcd1234","이남재","m","mbc_15@abcd.com","010-1234-1015","02-860-1234","07376","서울특별시 영등포구 도신로 31 (대림동, 현대3차아파트)","서울특별시 영등포구 대림동 608-1 현대3차아파트","302동 2117호",2012-05-26,2011-10-09
"mbc_1016","#Abcd1234","신나수","m","mbc_16@abcd.com","010-1234-1016","02-860-1234","08288","서울특별시 구로구 새말로 93 (구로동, 신도림태영타운)","서울특별시 구로구 구로동 1267 신도림태영타운","111동 1418호",1923-03-25,2016-04-28
"mbc_1017","#Abcd1234","제갈만제","m","mbc_17@abcd.com","010-1234-1017","02-860-1234","08208","서울특별시 구로구 경인로65길 16-15 (신도림동, 신도림4차 e-편한세상)","서울특별시 구로구 신도림동 646 신도림4차 e-편한세상","1114동 1402호",1903-02-14,2016-01-13
"mbc_1018","#Abcd1234","유순섭","m","mbc_18@abcd.com","010-1234-1018","02-860-1234","08845","서울특별시 관악구 신림로29길 8 (신림동, 신림현대아파트)","서울특별시 관악구 신림동 1694 신림현대아파트","105동 1213호",1951-09-29,2023-08-03
"mbc_1019","#Abcd1234","남우민","f","mbc_19@abcd.com","010-1234-1019","02-860-1234","07376","서울특별시 영등포구 도신로 31 (대림동, 현대3차아파트)","서울특별시 영등포구 대림동 608-1 현대3차아파트","304동 2818호",1996-07-22,2021-06-06
"mbc_1020","#Abcd1234","소민재","f","mbc_20@abcd.com","010-1234-1020","02-860-1234","08770","서울특별시 관악구 남부순환로 1430 (신림동, 신림푸르지오아파트)","서울특별시 관악구 신림동 1730 신림푸르지오아파트","106동 2013호",1975-03-14,2015-02-19
"mbc_1021","#Abcd1234","권선준","m","mbc_21@abcd.com","010-1234-1021","02-860-1234","08208","서울특별시 구로구 경인로65길 16-15 (신도림동, 신도림4차 e-편한세상)","서울특별시 구로구 신도림동 646 신도림4차 e-편한세상","1110동 1417호",1976-11-15,2019-11-06
"mbc_1022","#Abcd1234","최구민","m","mbc_22@abcd.com","010-1234-1022","02-860-1234","08750","서울특별시 관악구 봉천로 387 (봉천동, 두산아파트)","서울특별시 관악구 봉천동 1708 두산아파트","106동 1108호",1912-03-20,2023-05-22
"mbc_1023","#Abcd1234","장갑인","m","mbc_23@abcd.com","010-1234-1023","02-860-1234","08208","서울특별시 구로구 경인로65길 16-15 (신도림동, 신도림4차 e-편한세상)","서울특별시 구로구 신도림동 646 신도림4차 e-편한세상","1109동 1615호",1952-06-03,2021-09-10
"mbc_1024","#Abcd1234","김정연","f","mbc_24@abcd.com","010-1234-1024","02-860-1234","08770","서울특별시 관악구 남부순환로 1430 (신림동, 신림푸르지오아파트)","서울특별시 관악구 신림동 1730 신림푸르지오아파트","104동 1516호",1928-09-16,2014-08-19
"mbc_1025","#Abcd1234","문정민","f","mbc_25@abcd.com","010-1234-1025","02-860-1234","08750","서울특별시 관악구 봉천로 387 (봉천동, 두산아파트)","서울특별시 관악구 봉천동 1708 두산아파트","104동 1115호",1980-02-05,2023-05-27
"mbc_1026","#Abcd1234","류순주","m","mbc_26@abcd.com","010-1234-1026","02-860-1234","08288","서울특별시 구로구 새말로 93 (구로동, 신도림태영타운)","서울특별시 구로구 구로동 1267 신도림태영타운","112동 1505호",1977-04-16,2010-04-27
"mbc_1079","#Abcd1234","추민영","m","mbc_79@abcd.com","010-1234-1079","02-860-1234","08288","서울특별시 구로구 새말로 93 (구로동, 신도림태영타운)","서울특별시 구로구 구로동 1267 신도림태영타운","104동 1508호",2004-04-06,2024-05-15
"mbc_1080","#Abcd1234","선우갑영","m","mbc_80@abcd.com","010-1234-1080","02-860-1234","08845","서울특별시 관악구 신림로29길 8 (신림동, 신림현대아파트)","서울특별시 관악구 신림동 1694 신림현대아파트","107동 1104호",1941-10-21,2023-12-18
"mbc_1081","#Abcd1234","유운훈","m","mbc_81@abcd.com","010-1234-1081","02-860-1234","08288","서울특별시 구로구 새말로 93 (구로동, 신도림태영타운)","서울특별시 구로구 구로동 1267 신도림태영타운","106동 1513호",2015-06-08,2011-03-11
"mbc_1082","#Abcd1234","고강섭","f","mbc_82@abcd.com","010-1234-1082","02-860-1234","08208","서울특별시 구로구 경인로65길 16-15 (신도림동, 신도림4차 e-편한세상)","서울특별시 구로구 신도림동 646 신도림4차 e-편한세상","1114동 1909호",1975-05-14,2016-03-28
"mbc_1083","#Abcd1234","선우선희","m","mbc_83@abcd.com","010-1234-1083","02-860-1234","08750","서울특별시 관악구 봉천로 387 (봉천동, 두산아파트)","서울특별시 관악구 봉천동 1708 두산아파트","106동 1114호",1965-11-10,2014-12-19
"mbc_1084","#Abcd1234","권나섭","f","mbc_84@abcd.com","010-1234-1084","02-860-1234","08288","서울특별시 구로구 새말로 93 (구로동, 신도림태영타운)","서울특별시 구로구 구로동 1267 신도림태영타운","109동 1507호",1969-07-28,2018-11-19
"mbc_1085","#Abcd1234","이승준","f","mbc_85@abcd.com","010-1234-1085","02-860-1234","08288","서울특별시 구로구 새말로 93 (구로동, 신도림태영타운)","서울특별시 구로구 구로동 1267 신도림태영타운","111동 1308호",1947-07-29,2023-11-30
"mbc_1086","#Abcd1234","남이수","f","mbc_86@abcd.com","010-1234-1086","02-860-1234","08288","서울특별시 구로구 새말로 93 (구로동, 신도림태영타운)","서울특별시 구로구 구로동 1267 신도림태영타운","109동 1508호",1985-11-24,2022-05-29
"mbc_1087","#Abcd1234","류정철","m","mbc_87@abcd.com","010-1234-1087","02-860-1234","08845","서울특별시 관악구 신림로29길 8 (신림동, 신림현대아파트)","서울특별시 관악구 신림동 1694 신림현대아파트","106동 1115호",2019-07-21,2020-09-07
"mbc_1088","#Abcd1234","선우희인","f","mbc_88@abcd.com","010-1234-1088","02-860-1234","08845","서울특별시 관악구 신림로29길 8 (신림동, 신림현대아파트)","서울특별시 관악구 신림동 1694 신림현대아파트","112동 1202호",2009-01-18,2010-07-06
"mbc_1089","#Abcd1234","도희순","m","mbc_89@abcd.com","010-1234-1089","02-860-1234","08770","서울특별시 관악구 남부순환로 1430 (신림동, 신림푸르지오아파트)","서울특별시 관악구 신림동 1730 신림푸르지오아파트","102동 1704호",1976-10-14,2014-01-15
"mbc_1090","#Abcd1234","김정제","f","mbc_90@abcd.com","010-1234-1090","02-860-1234","08750","서울특별시 관악구 봉천로 387 (봉천동, 두산아파트)","서울특별시 관악구 봉천동 1708 두산아파트","107동 1203호",1934-11-06,2024-03-17
"mbc_1091","#Abcd1234","류숙재","m","mbc_91@abcd.com","010-1234-1091","02-860-1234","08750","서울특별시 관악구 봉천로 387 (봉천동, 두산아파트)","서울특별시 관악구 봉천동 1708 두산아파트","109동 1014호",1927-09-25,2011-01-21
"mbc_1092","#Abcd1234","곽나훈","f","mbc_92@abcd.com","010-1234-1092","02-860-1234","08288","서울특별시 구로구 새말로 93 (구로동, 신도림태영타운)","서울특별시 구로구 구로동 1267 신도림태영타운","108동 1305호",1966-06-12,2019-08-13
"mbc_1093","#Abcd1234","유운섭","f","mbc_93@abcd.com","010-1234-1093","02-860-1234","07376","서울특별시 영등포구 도신로 31 (대림동, 현대3차아파트)","서울특별시 영등포구 대림동 608-1 현대3차아파트","306동 1107호",1956-10-03,2023-11-22
"mbc_1094","#Abcd1234","황만한","f","mbc_94@abcd.com","010-1234-1094","02-860-1234","08288","서울특별시 구로구 새말로 93 (구로동, 신도림태영타운)","서울특별시 구로구 구로동 1267 신도림태영타운","105동 1105호",1906-08-10,2021-08-04
"mbc_1095","#Abcd1234","민순섭","m","mbc_95@abcd.com","010-1234-1095","02-860-1234","07376","서울특별시 영등포구 도신로 31 (대림동, 현대3차아파트)","서울특별시 영등포구 대림동 608-1 현대3차아파트","304동 2718호",2012-06-04,2021-05-12
"mbc_1096","#Abcd1234","송민정","m","mbc_96@abcd.com","010-1234-1096","02-860-1234","08208","서울특별시 구로구 경인로65길 16-15 (신도림동, 신도림4차 e-편한세상)","서울특별시 구로구 신도림동 646 신도림4차 e-편한세상","1107동 2312호",1963-06-05,2024-03-05
"mbc_1097","#Abcd1234","동방순빈","f","mbc_97@abcd.com","010-1234-1097","02-860-1234","07376","서울특별시 영등포구 도신로 31 (대림동, 현대3차아파트)","서울특별시 영등포구 대림동 608-1 현대3차아파트","304동 2007호",2016-10-26,2021-09-11
"mbc_1098","#Abcd1234","서문나인","m","mbc_98@abcd.com","010-1234-1098","02-860-1234","07376","서울특별시 영등포구 도신로 31 (대림동, 현대3차아파트)","서울특별시 영등포구 대림동 608-1 현대3차아파트","305동 2709호",2008-03-26,2019-11-16
"mbc_1099","#Abcd1234","강우환","m","mbc_99@abcd.com","010-1234-1099","02-860-1234","08208","서울특별시 구로구 경인로65길 16-15 (신도림동, 신도림4차 e-편한세상)","서울특별시 구로구 신도림동 646 신도림4차 e-편한세상","1105동 1505호",1933-07-10,2021-05-06
"mbc_1100","#Abcd1234","박운정","f","mbc_100@abcd.com","010-1234-1100","02-860-1234","08208","서울특별시 구로구 경인로65길 16-15 (신도림동, 신도림4차 e-편한세상)","서울특별시 구로구 신도림동 646 신도림4차 e-편한세상","1104동 2406호",1984-11-09,2021-05-16
